,Stock Symbol,time,close,0,1,2,3,4,5,6,7,8,9,10,11,12
0,VOXX,2018-09-13,5.275,0.8444444444444446,0.7907949790794981,0.9154228855721391,0.11468439000626349,0.13630851739891653,0.0,0.3658238778890441,0.3192214405199051,0.46341710905885514,0.0699852249207581,0.7606112038888131,0.8225058004640395,0.804056553368131
1,VOXX,2018-09-14,5.3,0.7955555555555556,0.7489539748953973,0.9353233830845773,0.16804579302665462,0.145064269824846,0.0,0.332234604848565,0.29639926874136446,0.4072698455773006,0.06637773933898294,0.7729508344659857,0.8225058004640395,0.804056553368131
2,VOXX,2018-09-17,5.15,0.822222222222222,0.7489539748953973,0.865671641791045,0.11721414155473588,0.15317729620274556,0.0,0.332234604848565,0.29639926874136446,0.4072698455773006,0.08802265432457568,0.6989130598329407,0.8225058004640395,0.804056553368131
3,VOXX,2018-09-18,5.15,0.7333333333333334,0.7071129707112969,0.8407960199004973,0.156138214211149,0.1570108568438926,0.0,0.35563083896614384,0.30422450909016463,0.4632791247783218,0.08802265432457568,0.6989130598329407,0.8225058004640395,0.804056553368131
4,VOXX,2018-09-19,5.25,0.7555555555555555,0.7489539748953973,0.8681592039800994,0.11288537824483262,0.159200350941766,0.0,0.36168246652943253,0.30994451108939847,0.47002792242536084,0.07359271087626873,0.7482715821416315,0.8225058004640395,0.804056553368131
5,VOXX,2018-09-20,5.45,0.7555555555555555,0.8117154811715481,0.8905472636815919,0.15219221936112465,0.16167117668350017,0.0,0.40468581737696824,0.32046491921539066,0.5810426574551297,0.04473282435338988,0.8469886090990306,0.8225058004640395,0.804056553368131
6,VOXX,2018-09-21,5.3,0.8444444444444446,0.8117154811715481,0.9154228855721391,0.21901663302943838,0.18505617459019258,0.0,0.4238662669630711,0.3295856908562316,0.6212943429801321,0.06637773933898294,0.7729508344659857,0.8225058004640395,0.804056553368131
7,VOXX,2018-09-24,5.15,0.7555555555555555,0.7360669456066946,0.8407960199004973,0.16545340663929292,0.1912577025657335,0.0,0.4238662669630711,0.3295856908562316,0.6212943429801321,0.08802265432457568,0.6989130598329407,0.8225058004640395,0.804056553368131
8,VOXX,2018-09-25,5.15,0.7333333333333334,0.6861924686192469,0.8407960199004973,0.10524044818706939,0.17852549971116244,0.0,0.4108979344163856,0.31442681801498606,0.6129187930902691,0.08802265432457568,0.6989130598329407,0.8225058004640395,0.804056553368131
9,VOXX,2018-09-26,5.1,0.7111111111111108,0.6861924686192469,0.8407960199004973,0.10979191314635674,0.18685369475739033,0.0,0.4131213008173869,0.31774083332900127,0.6128484126193647,0.09523762586186157,0.6742338075085865,0.8225058004640395,0.804056553368131
10,VOXX,2018-09-27,5.35,0.7333333333333334,0.8723849372384935,0.8407960199004973,0.9173115735263414,0.30740486014314544,0.0,0.4509341871442753,0.3398284851339294,0.68359405266298,0.05916276742796167,0.7976300956203313,0.8225058004640395,0.804056553368131
11,VOXX,2018-09-28,5.2,0.7999999999999998,0.7489539748953973,0.8905472636815919,0.08856218247616396,0.3158620451920922,0.0,0.44344206867329555,0.32912878473091367,0.6828316406096817,0.0808076824135544,0.7235923209872859,0.8225058004640395,0.804056553368131
12,VOXX,2018-10-01,5.24,0.7600000000000002,0.7196652719665273,0.8208955223880596,0.2253531908970701,0.335743741343909,0.0,0.44344206867329555,0.32912878473091367,0.6828316406096817,0.07503570525847292,0.7433357228467694,0.8225058004640395,0.804056553368131
13,VOXX,2018-10-02,5.55,0.7644444444444445,0.874476987447699,0.8407960199004973,0.5024949544157562,0.3894341620014356,0.0,0.4256199080680862,0.32206698246492327,0.6424741044461408,0.03030288090508282,0.8963471225777304,0.8225058004640395,0.804056553368131
14,VOXX,2018-10-03,5.52,0.9155555555555552,0.8702928870292885,0.9154228855721391,0.07120189296401976,0.3824492421559344,0.0,0.41834699473523335,0.3177986695473959,0.6288948502107683,0.034631864051695715,0.881539571183118,0.8225058004640395,0.804056553368131
15,VOXX,2018-10-04,5.32,0.8888888888888888,0.8284100418410041,0.9328358208955225,0.49877166121511585,0.44687919252258296,0.0,0.4280937946269468,0.32702354638134734,0.6397481400840188,0.06349175057457435,0.7828225353957274,0.8225058004640395,0.804056553368131
16,VOXX,2018-10-05,5.33,0.8044444444444445,0.7698744769874477,0.8830845771144276,0.2640162850581112,0.4806884730196837,0.0,0.43511227342447373,0.33314261828750447,0.6486538540331686,0.06204875619237005,0.7877583858605977,0.8225058004640395,0.804056553368131
17,VOXX,2018-10-08,5.37,0.8044444444444445,0.8075313807531381,0.9203980099502487,0.22968891363351662,0.5000892366182601,0.0,0.43511227342447373,0.33314261828750447,0.6486538540331686,0.05627677903728856,0.807501796550073,0.8225058004640395,0.804056553368131
18,VOXX,2018-10-09,5.76,0.8444444444444446,1.0000000000000002,0.9427860696517412,0.680718908761918,0.5919328985109993,0.0,0.4294716554951729,0.3315694731471691,0.6344931466351356,0.0,0.9999999999999998,0.8225058004640395,0.804056553368131
19,VOXX,2018-10-10,5.42,1.0,0.9205020920502089,1.0,0.6813313382977243,0.6700135495101993,0.0,0.4189576376200154,0.3244729691501419,0.6168144597239784,0.049061807126267176,0.8321810577044182,0.8225058004640395,0.804056553368131
20,VOXX,2018-10-11,5.4,0.7111111111111108,0.8909205020920503,0.8159203980099501,1.0,0.8114699911986563,0.0,0.34158996699362326,0.28790312825918607,0.45401127234075556,0.051947795890675885,0.8223093479446855,0.8225058004640395,0.804056553368131
21,VOXX,2018-10-12,5.23,0.8800000000000003,0.8106276150627616,0.8795024875621893,0.42296262787946276,0.8522008085226807,0.0,0.3866718522758979,0.3171682547668939,0.5322143550371157,0.07647869964067722,0.7383998723818987,0.8225058004640395,0.804056553368131
22,VOXX,2018-10-15,5.32,0.7688888888888892,0.7531380753138077,0.865671641791045,0.16624330155195213,0.8600347272222835,0.0,0.3866718522758979,0.3171682547668939,0.5322143550371157,0.06349175057457435,0.7828225353957274,0.8225058004640395,0.804056553368131
23,VOXX,2018-10-16,5.26,0.8044444444444445,0.7573221757322177,0.8507462686567164,0.17069037511309068,0.8623598832195682,0.0,0.39591369747442623,0.3192214405199051,0.5565108506641268,0.07214971649406443,0.7532074326065026,0.8225058004640395,0.804056553368131
24,VOXX,2018-10-17,5.25,0.7644444444444445,0.7196652719665273,0.8606965174129351,0.46651819890041063,0.918863620315703,0.0,0.39462978166539725,0.3168906409185994,0.5574270694702443,0.07359271087626873,0.7482715821416315,0.8225058004640395,0.804056553368131
25,VOXX,2018-10-18,5.31,0.7644444444444445,0.7573221757322177,0.900497512437811,0.1692393346788225,0.9215874221403555,0.0,0.38501607060754656,0.3126512461102694,0.5365442912690626,0.06493474495677864,0.7778866849308563,0.8225058004640395,0.804056553368131
26,VOXX,2018-10-19,5.21,0.7911111111111113,0.7322175732217573,0.8855721393034828,0.1318706938548264,0.9076631737434178,0.0,0.3902378501479264,0.31392364291495234,0.5500557880488208,0.07936468803135022,0.728528171452157,0.8225058004640395,0.804056553368131
27,VOXX,2018-10-22,5.17,0.7600000000000002,0.7364016736401673,0.8756218905472637,0.09444289790521261,0.8963170574266828,0.0,0.3902378501479264,0.31392364291495234,0.5500557880488208,0.0851366655601673,0.7087847695926739,0.8225058004640395,0.804056553368131
28,VOXX,2018-10-23,5.175,0.7288888888888887,0.7196652719665273,0.855721393034826,0.12703389240726565,0.8997992315086991,0.0,0.3896154641307447,0.3126859478413062,0.5507139520277837,0.08441516836906504,0.7112526904101137,0.8225058004640395,0.804056553368131
29,VOXX,2018-10-24,5.05,0.7466666666666666,0.6987447698744773,0.8009950248756215,0.211326466699144,0.9160225043075434,0.0,0.3893649439728854,0.31463502840120694,0.5458534973794447,0.10245259739914736,0.6495545463542414,0.8225058004640395,0.804056553368131
30,VOXX,2018-10-25,5.14,0.6933333333333334,0.6820083682008369,0.8208955223880596,0.0871041826153525,0.7833712982788175,0.0,0.38678145484496135,0.31280162027809555,0.5416996062733566,0.08946564833304449,0.6939772093680696,0.8225058004640395,0.804056553368131
31,VOXX,2018-10-26,5.06,0.7022222222222223,0.6861924686192469,0.8159203980099501,0.16111420418957478,0.7949637187817784,0.0,0.36594522359050724,0.30029164623932636,0.5034327405755601,0.10100960301694306,0.654490396819112,0.8225058004640395,0.804056553368131
32,VOXX,2018-10-29,5.23,0.6888888888888887,0.6987447698744773,0.8159203980099501,0.3138109819750853,0.809097575933134,0.0,0.36594522359050724,0.30029164623932636,0.5034327405755601,0.07647869964067722,0.7383998723818987,0.8225058004640395,0.804056553368131
33,VOXX,2018-10-30,5.21,0.7644444444444445,0.7238493723849373,0.8606965174129351,0.0633829772426752,0.7389359103163646,0.0,0.3685561133606971,0.3006733652807313,0.5107059625881839,0.07936468803135022,0.728528171452157,0.8225058004640395,0.804056553368131
34,VOXX,2018-10-31,5.1,0.7644444444444445,0.7196652719665273,0.8407960199004973,0.08266754819402881,0.7407679019498061,0.0,0.37446682333519005,0.30416088924993046,0.5216907343169418,0.09523762586186157,0.6742338075085865,0.8225058004640395,0.804056553368131
35,VOXX,2018-11-01,5.37,0.7155555555555559,0.7991631799163177,0.8457711442786069,0.18352703737212056,0.6903978618795066,0.0,0.37939893894304505,0.3080127813950161,0.5288908198474251,0.05627677903728856,0.807501796550073,0.8225058004640395,0.804056553368131
36,VOXX,2018-11-02,5.29,0.8311111111111114,0.8075313807531381,0.8856218905472639,0.048134873686408244,0.6559041559800489,0.0,0.40917952270856955,0.3144846542333808,0.6074813163175756,0.06782073372118713,0.7680149840011146,0.8225058004640395,0.804056553368131
37,VOXX,2018-11-05,5.28,0.7822222222222224,0.7656485355648537,0.91044776119403,0.019354165216786137,0.6222967003578916,0.0,0.40917952270856955,0.3144846542333808,0.6074813163175756,0.06926372772965583,0.7630791335362439,0.8225058004640395,0.804056553368131
38,VOXX,2018-11-06,5.15,0.7866666666666666,0.7698744769874477,0.8507462686567164,0.09975294035771452,0.5294694896944216,0.0,0.4348460957567483,0.3189669611589684,0.6774996303242289,0.08802265432457568,0.6989130598329407,0.8225058004640395,0.804056553368131
39,VOXX,2018-11-07,5.12,0.7288888888888887,0.6820083682008369,0.8407960199004973,0.05339620015310738,0.42913750723483796,0.0,0.4318711688821691,0.3244267001754262,0.6568648800175614,0.09235163709745298,0.6841055084383283,0.8225058004640395,0.804056553368131
40,VOXX,2018-11-08,5.06,0.7155555555555559,0.6527196652719665,0.8109452736318405,0.17446934372607698,0.29723355363565546,0.0,0.410162031452674,0.3148663732747856,0.6097238710598238,0.10100960301694306,0.654490396819112,0.8225058004640395,0.804056553368131
41,VOXX,2018-11-09,5.11,0.6755555555555555,0.6694560669456069,0.8009950248756215,0.08722945229313105,0.24358983625497538,0.0,0.40046611846802566,0.30634131468340986,0.5975761526745822,0.09379463147965716,0.6791696579734576,0.8225058004640395,0.804056553368131
42,VOXX,2018-11-12,5.19,0.7111111111111108,0.7092050209205019,0.8407960199004973,0.08259795392859628,0.230224915197413,0.0,0.40046611846802566,0.30634131468340986,0.5975761526745822,0.0822506767957587,0.7186564705224157,0.8225058004640395,0.804056553368131
43,VOXX,2018-11-13,5.16,0.7466666666666666,0.7479079497907952,0.8233830845771144,0.0724859071612499,0.2145337261597841,0.0,0.38813191507092165,0.3006097454404971,0.571414762623246,0.08657965994237149,0.7038489191278028,0.8225058004640395,0.804056553368131
44,VOXX,2018-11-14,5.06,0.7377777777777781,0.6694560669456069,0.8159203980099501,0.007457025541095414,0.14118456189824352,0.0,0.3054641773548186,0.23375348304968702,0.45563454138815596,0.10100960301694306,0.654490396819112,0.8225058004640395,0.804056553368131
45,VOXX,2018-11-15,5.07,0.6800000000000002,0.6882845188284519,0.8059701492537314,0.027855104739369477,0.11859407568933206,0.0,0.30483787696017034,0.2327158722463376,0.45586628685345676,0.09956660863473876,0.6594262472839827,0.8225058004640395,0.804056553368131
46,VOXX,2018-11-16,5.1,0.697777777777778,0.6987447698744773,0.8060199004975126,0.016678265710905422,0.10018853668069799,0.0,0.20199935215892711,0.14742446739774673,0.31628475141773116,0.09523762586186157,0.6742338075085865,0.8225058004640395,0.804056553368131
47,VOXX,2018-11-19,5.05,0.6933333333333334,0.6610878661087864,0.8009950248756215,0.25852529751548475,0.12640575473329374,0.0,0.20199935215892711,0.14742446739774673,0.31628475141773116,0.10245259739914736,0.6495545463542414,0.8225058004640395,0.804056553368131
48,VOXX,2018-11-20,5.05,0.666666666666667,0.6861924686192469,0.7910447761194028,0.28546523766441645,0.1517200427668578,0.0,0.15074449361190062,0.10890096417901973,0.2383670694818203,0.10245259739914736,0.6495545463542414,0.8225058004640395,0.804056553368131
49,VOXX,2018-11-21,5.09,0.7066666666666666,0.6694560669456069,0.8358208955223878,0.05952745493771314,0.12746547432459554,0.0,0.1373025213917624,0.10263386786913375,0.20990027796953536,0.09668062024406576,0.6692979570437159,0.8225058004640395,0.804056553368131
50,VOXX,2018-11-23,5.11,0.6933333333333334,0.6535564853556488,0.8159203980099501,0.010028533648827338,0.1151502650132965,0.0,0.07127871666343677,0.04629173098315137,0.123608749463203,0.09379463147965716,0.6791696579734576,0.8225058004640395,0.804056553368131
51,VOXX,2018-11-26,5.1,0.7288888888888887,0.6610878661087864,0.8159203980099501,0.02370380680631916,0.09319472097294046,0.0,0.07127871666343677,0.04629173098315137,0.123608749463203,0.09523762586186157,0.6742338075085865,0.8225058004640395,0.804056553368131
52,VOXX,2018-11-27,5.07,0.697777777777778,0.6569037656903765,0.8059701492537314,0.4623425429744589,0.11692721349902618,0.0,0.07628911982062281,0.05072674922944037,0.12982501963270465,0.09956660863473876,0.6594262472839827,0.8225058004640395,0.804056553368131
53,VOXX,2018-11-28,5.05,0.697777777777778,0.6610878661087864,0.8109452736318405,0.42405525784675346,0.17455572117921325,0.0,0.12813504936509862,0.0959738111639038,0.1954866032116903,0.10245259739914736,0.6495545463542414,0.8225058004640395,0.804056553368131
54,VOXX,2018-11-29,5.04,0.6355555555555554,0.6317991631799165,0.7562189054726365,0.7738151576310113,0.2849878432482352,0.0,0.1253871563835794,0.09900431732604725,0.18063512881305588,0.10389559178135155,0.6446186958893707,0.8225058004640395,0.804056553368131
55,VOXX,2018-11-30,5.02,0.6844444444444444,0.6485355648535565,0.8009950248756215,0.2546836940636092,0.2963573112033933,0.0,0.07599945588809798,0.05728926027097092,0.11518286161927771,0.9913826990851162,0.5723841026528189,0.7470997679814388,1.0
56,VOXX,2018-12-03,5.02,0.7066666666666666,0.6569037656903765,0.7661691542288556,0.7094474215324658,0.40202236308573,0.0,0.07599945588809798,0.05728926027097092,0.11518286161927771,0.9913826990851162,0.5723841026528189,0.7470997679814388,1.0
57,VOXX,2018-12-04,4.91,0.6711111111111112,0.623430962343096,0.6960696517412934,0.5457373512422576,0.48612829278951436,0.0,0.05527674158017387,0.04348614890269631,0.07996652015659755,0.9878719468729918,0.5194562593655305,0.7470997679814388,1.0
58,VOXX,2018-12-06,4.82,0.5822222222222222,0.5774058577405861,0.5373134328358211,0.5142146287145939,0.5523513153922326,0.0,0.01814495693246554,0.017366617281887098,0.01977824167804343,0.9849995132346973,0.4761516498768501,0.7470997679814388,1.0
59,VOXX,2018-12-07,4.53,0.5911111111111111,0.5972803347280335,0.5472636815920398,0.2733349571995268,0.5874933072536304,0.0,0.01541663583827907,0.01453241283195389,0.01726355953647224,0.9757438937459837,0.3366145964421918,0.7470997679814388,1.0
60,VOXX,2018-12-10,4.43,0.44444444444444464,0.4435146443514646,0.5024875621890548,0.23260143364186792,0.596781699432166,0.0,0.01541663583827907,0.01453241283195389,0.01726355953647224,0.972552300839461,0.28849836563921083,0.7470997679814388,1.0
61,VOXX,2018-12-11,4.47,0.4222222222222225,0.489539748953975,0.5024875621890548,0.16378314426891225,0.6090135100348106,0.0,0.00876841393044625,0.00906145509865286,0.008154757556905534,0.9738289379871207,0.3077448597264014,0.7470997679814388,1.0
62,VOXX,2018-12-12,4.55,0.45777777777777784,0.46857740585774055,0.5572139303482588,0.10243927900341011,0.6121837729464596,0.0,0.017870950509806915,0.016799382404640406,0.02011826663835309,0.9763822123571871,0.34623783907079075,0.7470997679814388,1.0
63,VOXX,2018-12-13,4.58,0.46222222222222253,0.44560669456066937,0.5497512437810941,0.22321316723501985,0.636267096040285,0.0,0.0,0.0,0.0,0.9773396902366187,0.36067271184368166,0.7470997679814388,1.0
64,VOXX,2018-12-14,4.56,0.4666666666666668,0.4602510460251046,0.5572139303482588,0.06819542069733454,0.6459719257707015,0.0,0.03184136368792956,0.023730056273697175,0.04882916716416774,0.9767013716254153,0.35104946038509044,0.7470997679814388,1.0
65,VOXX,2018-12-17,4.49,0.4666666666666668,0.4309623430962344,0.5273631840796016,0.6027350546314983,0.7378267074912612,0.0,0.03184136368792956,0.023730056273697175,0.04882916716416774,0.9744672565983241,0.31736810235500124,0.7470997679814388,1.0
66,VOXX,2018-12-18,4.57,0.4666666666666668,0.43514644351464415,0.5373134328358211,0.1393033614030204,0.7574198441111337,0.0,0.056126161490415605,0.04094773173062477,0.08791441876781225,0.9770205309310169,0.355861090529382,0.7470997679814388,1.0
67,VOXX,2018-12-19,4.55,0.47555555555555573,0.4393305439330546,0.5522388059701488,0.2619423759482219,0.7579658276571244,0.0,0.056756376262530384,0.042730817583811975,0.08612980466147913,0.9763822123571871,0.34623783907079075,0.7470997679814388,1.0
68,VOXX,2018-12-20,4.48,0.4488888888888889,0.41422594142259417,0.5124378109452739,0.3897557241283318,0.7746294456376637,0.0,0.10760413955303555,0.08203073452769993,0.16115322749930372,0.9741480972927223,0.3125564810407011,0.7470997679814388,1.0
69,VOXX,2018-12-21,4.49,0.44000000000000017,0.41004184100418417,0.5074626865671639,0.498127914259865,0.8447093805199519,0.0,0.12386837792655742,0.07838079851633573,0.2191196992692367,0.9744672565983241,0.31736810235500124,0.7470997679814388,1.0
70,VOXX,2018-12-24,4.15,0.4355555555555559,0.38493723849372397,0.32835820895522394,0.2607731922889554,0.8847735641661323,0.0,0.09380987336090774,0.05568145990570206,0.17365331006116047,0.9636158406563492,0.15377293351885268,0.7470997679814388,1.0
71,VOXX,2018-12-26,3.94,0.2888888888888892,0.2677824267782427,0.24875621890547261,0.40703598023522863,0.9460226877847022,0.0,0.09380987336090774,0.05568145990570206,0.17365331006116047,0.9569134955003284,0.05272885942858352,0.7470997679814388,1.0
72,VOXX,2018-12-27,3.96,0.19111111111111123,0.1966527196652721,0.1990049751243781,0.40873756002505396,0.9374576404058959,0.0,0.06246745298622919,0.03367988746813,0.12275034686864084,0.9575518140741583,0.06235211088717474,0.7470997679814388,1.0
73,VOXX,2018-12-28,3.95,0.21333333333333337,0.1987447698744771,0.15920398009950243,0.815481244345466,0.9999999999999998,0.0,0.08241120617830949,0.04410483159472972,0.162634159879688,0.9572326548059302,0.057540480742883426,0.7470997679814388,1.0
74,VOXX,2018-12-31,3.96,0.1955555555555557,0.2217573221757323,0.2587064676616915,0.5972371076623286,0.971786216862218,0.0,0.11663852274583658,0.0636473818876161,0.22761189996223796,0.9575518140741583,0.06235211088717474,0.7470997679814388,1.0
75,VOXX,2019-01-02,4.1,0.20000000000000018,0.2510460251046025,0.2587064676616915,0.13012735750574153,0.9518845050203242,0.0,0.11663852274583658,0.0636473818876161,0.22761189996223796,0.9620200441657143,0.12971482694735403,0.7470997679814388,1.0
76,VOXX,2019-01-03,4.09,0.2577777777777779,0.24267782426778228,0.2636815920398008,0.09347205790242884,0.8534634649717083,0.0,0.10038602750471437,0.05376517600385683,0.1980140054507702,0.9617008848974862,0.1249031968030625,0.7470997679814388,1.0
77,VOXX,2019-01-04,4.2,0.2755555555555558,0.3138075313807529,0.34825870646766166,0.0477869023592456,0.7739005409240243,0.0,0.12380966226455908,0.07594279548196925,0.22404518767533022,0.9652116371096104,0.17783104892034252,0.7470997679814388,1.0
78,VOXX,2019-01-07,4.39,0.31111111111111134,0.35146443514644377,0.3681592039800994,0.1469413320342404,0.7152173175750547,0.0,0.12380966226455908,0.07594279548196925,0.22404518767533022,0.9712756636544277,0.2692518803820121,0.7470997679814388,1.0
79,VOXX,2019-01-08,4.39,0.40000000000000036,0.37656903765690375,0.44527363184079594,0.031790660449578956,0.6766231751667557,0.0,0.12419327125628116,0.0749238157430488,0.22736908094034414,0.9712756636544277,0.2692518803820121,0.7470997679814388,1.0
80,VOXX,2019-01-09,4.44,0.40000000000000036,0.41841004184100394,0.4626865671641789,0.2281752383603591,0.6759159541173665,0.0,0.12738348889152068,0.07570341450875673,0.2356014225982852,0.9728714601450628,0.29330999578350236,0.7470997679814388,1.0
81,VOXX,2019-01-10,4.72,0.417777777777778,0.5397489539748952,0.44278606965174117,0.41299672906952467,0.7157355015514939,0.0,0.07315761784738156,0.037861903461582136,0.14706504420375566,0.9818079203281745,0.4280354279038614,0.7470997679814388,1.0
82,VOXX,2019-01-11,4.98,0.5422222222222222,0.594142259414226,0.4983084577114427,0.21128471013988448,0.7331269122628905,0.0,0.07825413730883174,0.04173866098166806,0.15471868059559357,0.9901060619374565,0.5531376173956202,0.7470997679814388,1.0
83,VOXX,2019-01-14,4.85,0.6488888888888891,0.6446025104602511,0.6666666666666665,0.20384856287841882,0.7300328201718125,0.0,0.07825413730883174,0.04173866098166806,0.15471868059559357,0.9859569911141288,0.49058652264974056,0.7470997679814388,1.0
84,VOXX,2019-01-15,5.02,0.6000000000000001,0.627615062761506,0.7064676616915424,0.3133586192497738,0.7692051936267816,0.0,0.06466733312243117,0.03293482815659732,0.13112422943432245,0.9913826990851162,0.5723841026528189,0.7470997679814388,1.0
85,VOXX,2019-01-16,5.17,0.6755555555555555,0.6820083682008369,0.7599502487562186,0.0976685921080103,0.6885052671844429,0.0,0.07037449546866337,0.03591448094460675,0.14253819294680925,0.9961700884822738,0.6445584400272979,0.7470997679814388,1.0
86,VOXX,2019-01-17,5.03,0.7111111111111108,0.6443514644351465,0.7810945273631842,0.10986150741178927,0.6838010240249439,0.0,0.0745707081128067,0.039198689692572064,0.1486442072489883,0.9917018583907179,0.5771957239671186,0.7470997679814388,1.0
87,VOXX,2019-01-18,5.15,0.6933333333333334,0.6652719665271969,0.7711442786069651,0.14644025332312618,0.6653460017825084,0.0,0.06649143302184418,0.03321267415368878,0.13618126719309165,0.995531769908444,0.6349351973986985,0.7470997679814388,1.0
88,VOXX,2019-01-22,5.11,0.7377777777777781,0.6861924686192469,0.8009950248756215,0.14043774792957062,0.62550977460665,0.0,0.06649143302184418,0.03321267415368878,0.13618126719309165,0.9942551327234108,0.6156887121414993,0.7470997679814388,1.0
89,VOXX,2019-01-23,5.08,0.7155555555555559,0.6778242677824269,0.7960199004975124,0.07014406012944534,0.557126169458392,0.0,0.06323858534713983,0.03076954936938253,0.13122870281815358,0.9932976548439792,0.6012538393686089,0.7470997679814388,1.0
90,VOXX,2019-01-24,5.13,0.7155555555555559,0.6820083682008369,0.8308457711442787,0.10708121650775976,0.53256914169941,0.0,0.06523100347761457,0.032680144616458906,0.13339329151235457,0.9948934512972406,0.6253119547700987,0.7470997679814388,1.0
91,VOXX,2019-01-25,5.12,0.6488888888888891,0.6778242677824269,0.7711442786069651,0.08425777715916208,0.480995380267532,0.0,0.03883244184319068,0.018485571285153657,0.08143883968999976,0.9945742920290125,0.620500333455799,0.7470997679814388,1.0
92,VOXX,2019-01-28,5.19,0.7200000000000002,0.6966527196652719,0.8507462686567164,0.09211844943976616,0.4304057235977758,0.0,0.03883244184319068,0.018485571285153657,0.08143883968999976,0.9968084070561036,0.6541816914858887,0.7470997679814388,1.0
93,VOXX,2019-01-29,5.19,0.7377777777777781,0.6987447698744773,0.8507462686567164,0.08278585844526411,0.3133350643198641,0.0,0.033896411857869124,0.014581752609118037,0.07434418964141887,0.9968084070561036,0.6541816914858887,0.7470997679814388,1.0
94,VOXX,2019-01-30,5.27,0.7555555555555555,0.7489539748953973,0.8855721393034828,0.12683902846405457,0.23817448010635,0.0,0.046187557102841115,0.01936161844582568,0.10236771524753963,0.9993616813887966,0.6926746708302784,0.7470997679814388,1.0
95,VOXX,2019-01-31,5.21,0.7977777777777777,0.7322175732217573,0.8706467661691542,0.09198622033544436,0.23208025846927788,0.0,0.039740577415430633,0.016941483859079676,0.08748562827309714,0.9974467256673071,0.6638049341144885,0.7470997679814388,1.0
96,VOXX,2019-02-01,5.12,0.7555555555555555,0.7029288702928873,0.8507462686567164,0.08111559607488343,0.2301059330397328,0.0,0.038981188186919646,0.016868191877183858,0.0852827809897585,0.9945742920290125,0.620500333455799,0.7470997679814388,1.0
97,VOXX,2019-02-04,5.29,0.7200000000000002,0.7364016736401673,0.8507462686567164,0.072391954902916,0.234037348165701,0.0,0.038981188186919646,0.016868191877183858,0.0852827809897585,1.0,0.7022979134588778,0.7470997679814388,1.0
98,VOXX,2019-02-05,5.23,0.8088888888888892,0.7447698744769873,0.9054726368159205,0.07732966803535389,0.22291474038815984,0.0,0.040687856762336105,0.018990986885100924,0.08611999870243192,0.9980850442411369,0.6734281767430879,0.7470997679814388,1.0
99,VOXX,2019-02-06,5.18,0.7688888888888892,0.7238493723849373,0.8208955223880596,0.1656830677152203,0.24430817713218522,0.0,0.03197445252179232,0.012258649377499431,0.07326256500962669,0.9964892477878755,0.6493700701715894,0.7470997679814388,1.0
100,VOXX,2019-02-07,5.11,0.7333333333333334,0.6820083682008369,0.8233830845771144,0.013591760038972788,0.2100218560215813,0.0,0.03273775612776986,0.01176774862675073,0.07664638150483216,0.9942551327234108,0.6156887121414993,0.7470997679814388,1.0
101,VOXX,2019-02-08,5.16,0.7022222222222223,0.7071129707112969,0.7834825870646767,0.0992101050873408,0.15988477634412307,0.0,0.06648360426691108,0.03519312052095275,0.13200660724588742,0.9958509291766722,0.6397468187129982,0.7470997679814388,1.0
102,VOXX,2019-02-11,5.2,0.7911111111111113,0.7196652719665273,0.8706467661691542,0.03047532883290417,0.13099490767484956,0.0,0.06648360426691108,0.03519312052095275,0.13200660724588742,0.9971275663617054,0.6589933128001888,0.7470997679814388,1.0
103,VOXX,2019-02-12,5.18,0.7555555555555555,0.7071129707112969,0.865671641791045,0.018355487507829355,0.1013566745932506,0.0,0.06833901918605656,0.03494314967831591,0.13826759107374287,0.9964892477878755,0.6493700701715894,0.7470997679814388,1.0
104,VOXX,2019-02-13,5.29,0.7688888888888892,0.7405857740585773,0.9054726368159205,0.03624121372398914,0.05707863219445908,0.0,0.0665384055514428,0.03386494236087845,0.13495405534790084,1.0,0.7022979134588778,0.7470997679814388,1.0
105,VOXX,2019-02-14,5.29,0.7999999999999998,0.7685355648535566,0.9203980099502487,0.15752314009325633,0.06664224011155406,0.0,0.06281583258075224,0.0324315756601361,0.12644358600675487,1.0,0.7022979134588778,0.7470997679814388,1.0
106,VOXX,2019-02-15,5.2,0.8399999999999999,0.7698744769874477,0.8905472636815919,0.0973136613543044,0.0646373351555024,0.0,0.11242273821436055,0.06592023695485721,0.2098006194846329,0.9971275663617054,0.6589933128001888,0.7470997679814388,1.0
107,VOXX,2019-02-19,5.07,0.7511111111111113,0.6861924686192469,0.8208955223880596,0.07015797898253184,0.052448891881358095,0.0,0.11242273821436055,0.06592023695485721,0.2098006194846329,0.9929784955383776,0.5964422180543096,0.7470997679814388,1.0
108,VOXX,2019-02-20,5.07,0.6933333333333334,0.6610878661087864,0.8208955223880596,0.05639223327997772,0.03902003181382735,0.0,0.12272929408379085,0.0708459138263502,0.23137384987322884,0.9929784955383776,0.5964422180543096,0.7470997679814388,1.0
109,VOXX,2019-02-21,5.01,0.6844444444444444,0.6652719665271969,0.7910447761194028,0.058876748555918984,0.03721973168967446,0.0,0.11360096583179258,0.06720480081685642,0.21076118646156683,0.9910635398168881,0.5675724813385192,0.7470997679814388,1.0
110,VOXX,2019-02-22,4.95,0.7133333333333334,0.6610878661087864,0.7661691542288556,0.06288537824483262,0.030158085032211346,0.0,0.10487581845884908,0.05926200143695737,0.2003963417294794,0.9891485840580251,0.5387027446227297,0.7470997679814388,1.0
111,VOXX,2019-02-25,5.07,0.6444444444444448,0.6359832635983265,0.7611940298507465,0.047379775906465305,0.024265688270082797,0.0,0.10487581845884908,0.05926200143695737,0.2003963417294794,0.9929784955383776,0.5964422180543096,0.7470997679814388,1.0
112,VOXX,2019-02-26,5.03,0.7111111111111108,0.6673640167364019,0.7512437810945274,0.12371076623286241,0.029313534109237815,0.0,0.10008462043978994,0.05670753194392647,0.19092107636802835,0.9917018583907179,0.5771957239671186,0.7470997679814388,1.0
113,VOXX,2019-02-27,4.98,0.7155555555555559,0.6715481171548119,0.7512437810945274,0.11497668592108011,0.03445701046764993,0.0,0.09834663684464101,0.05709266969576793,0.18473474277317825,0.9901060619374565,0.5531376173956202,0.7470997679814388,1.0
114,VOXX,2019-02-28,5.0,0.6622222222222223,0.6443514644351465,0.7661691542288556,0.03404551464959288,0.01963038804307149,0.0,0.09889464968995826,0.05642130978180426,0.18783474639304787,0.8213051993063673,0.7776523192961664,0.19025522041763665,0.21497266861205766
115,VOXX,2019-03-01,4.81,0.666666666666667,0.602510460251046,0.6915422885572138,0.04700048715985802,0.012442531339844742,0.0,0.08368337885493876,0.04715122733249766,0.16019011399095118,0.8216798616347495,0.6780656176448379,0.19025522041763665,0.21497266861205766
116,VOXX,2019-03-04,4.88,0.5866666666666669,0.602510460251046,0.7014925373134329,0.10225833391328554,0.015820735031738753,0.0,0.08368337885493876,0.04715122733249766,0.16019011399095118,0.8215418281455422,0.7147554597426911,0.19025522041763665,0.21497266861205766
117,VOXX,2019-03-05,4.88,0.6622222222222223,0.602510460251046,0.6965174129353233,0.05631915930127357,0.013252610796574416,0.0,0.10886065471979856,0.061977949009764166,0.20703612734405663,0.8215418281455422,0.7147554597426911,0.19025522041763665,0.21497266861205766
118,VOXX,2019-03-06,4.97,0.6000000000000001,0.606694560669456,0.716417910447761,0.1274723362794906,0.02126444674130662,0.0,0.11071215526147749,0.06278968146273978,0.21106537667506464,0.8213643565170953,0.7619281088227934,0.19025522041763665,0.21497266861205766
119,VOXX,2019-03-07,4.88,0.6222222222222227,0.5815899581589961,0.7313432835820897,0.03259795392859628,0.0,0.0,0.11171423589291468,0.06334280630961497,0.21300774510725107,0.8215418281455422,0.7147554597426911,0.19025522041763665,0.21497266861205766
120,VOXX,2019-03-08,4.77,0.588888888888889,0.5732217573221756,0.6766169154228852,0.057829354861159435,0.007068318554155462,0.0,0.10846921697314343,0.06277114395417771,0.20416318520333354,0.821758737916966,0.6570999948503491,0.19025522041763665,0.21497266861205766
121,VOXX,2019-03-11,4.8,0.5644444444444443,0.5690376569037656,0.6616915422885574,0.09385830607557936,0.006213203794752431,0.0,0.10846921697314343,0.06277114395417771,0.20416318520333354,0.8216995807062379,0.6728242141537135,0.19025522041763665,0.21497266861205766
122,VOXX,2019-03-12,4.74,0.5644444444444443,0.5564853556485356,0.6567164179104479,0.10040364673950866,0.017386406788877262,0.0,0.11367142462619051,0.06388952271841608,0.21792245775333718,0.8218178951239568,0.6413757755469842,0.19025522041763665,0.21497266861205766
123,VOXX,2019-03-13,4.83,0.6133333333333333,0.5564853556485356,0.7014925373134329,0.0,0.014453552201197706,0.0,0.11202738609023882,0.06274275506372956,0.21523729326750907,0.8216404234955098,0.6885484246270865,0.19025522041763665,0.21497266861205766
124,VOXX,2019-03-14,4.79,0.5955555555555554,0.5355648535564852,0.6169154228855724,0.13107731922889554,0.029606541572310296,0.0,0.11423118060390736,0.06342615990805073,0.2206276834197679,0.821719299773989,0.6675828106625892,0.19025522041763665,0.21497266861205766
125,VOXX,2019-03-15,4.64,0.6374666666666671,0.5774058577405861,0.6119402985074625,0.06589185051151784,0.014965620272335667,0.0,0.13062067905635882,0.07530490751596347,0.24645126139570495,0.822015085823892,0.588961722975758,0.19025522041763665,0.21497266861205766
126,VOXX,2019-03-18,4.64,0.5111111111111115,0.4644351464435146,0.5671641791044775,0.08911197717308093,0.013655148563679609,0.0,0.13062067905635882,0.07530490751596347,0.24645126139570495,0.822015085823892,0.588961722975758,0.19025522041763665,0.21497266861205766
127,VOXX,2019-03-19,4.7,0.4844444444444447,0.489539748953975,0.5422885572139302,0.20098127914259867,0.03455820090081724,0.0,0.13422190632558634,0.07825674196203558,0.2514177160532224,0.8218967714061732,0.6204101527524954,0.19025522041763665,0.21497266861205766
128,VOXX,2019-03-20,4.59,0.5333333333333337,0.4853556485355648,0.5274129353233832,0.06135082469204538,0.03535048863303397,0.0,0.1383672320626645,0.08172215810615685,0.25698750570927165,0.8221136811738597,0.5627546966901449,0.19025522041763665,0.21497266861205766
129,VOXX,2019-03-21,4.62,0.46235555555555585,0.4560669456066948,0.5323383084577116,0.047219709095970494,0.033487917473085826,0.0,0.12949725272345852,0.07591132245204074,0.2417157859113953,0.8220545239631317,0.5784789159935093,0.19025522041763665,0.21497266861205766
130,VOXX,2019-03-22,4.63,0.52,0.4644351464435146,0.5323383084577116,0.07117753497111838,0.03481284495790865,0.0,0.12419327125628116,0.06958518890841614,0.2385497330968288,0.8220348048953806,0.5837203194846337,0.19025522041763665,0.21497266861205766
131,VOXX,2019-03-25,4.4,0.48,0.4430962343096234,0.4328358208955225,0.21260700118310252,0.06121298417815296,0.0,0.12419327125628116,0.06958518890841614,0.2385497330968288,0.822488343502242,0.46316798620882493,0.19025522041763665,0.21497266861205766
132,VOXX,2019-03-26,4.47,0.40000000000000036,0.4225941422594144,0.4676616915422884,0.130952049551117,0.062370002262884916,0.0,0.12556330336957416,0.07084962783695065,0.24013455592434885,0.8223503100130347,0.4998578283066786,0.19025522041763665,0.21497266861205766
133,VOXX,2019-03-27,4.74,0.47555555555555573,0.5146443514644352,0.5223880597014925,0.07162293826988655,0.05544290552205089,0.0,0.14368295666224146,0.08139517863947582,0.2741153002570834,0.8218178951239568,0.6413757755469842,0.19025522041763665,0.21497266861205766
134,VOXX,2019-03-28,4.71,0.5511111111111111,0.5203765690376569,0.6169154228855724,0.12216577354026027,0.06952283150847688,0.0,0.14115818319631573,0.08011614003336126,0.268985135572116,0.8218770523346848,0.6256515650736116,0.19025522041763665,0.21497266861205766
135,VOXX,2019-03-29,4.62,0.5466666666666669,0.5090376569037658,0.6019900497512438,0.05064026724197926,0.07010439850349359,0.0,0.1587885393056641,0.09286477097637408,0.29684114470048817,0.8220545239631317,0.5784789159935093,0.19025522041763665,0.21497266861205766
136,VOXX,2019-04-01,4.73,0.4589333333333334,0.502092050209205,0.5497512437810941,0.06292713480409214,0.06382002781068935,0.0,0.1587885393056641,0.09286477097637408,0.29684114470048817,0.8218376141954452,0.6361343720558603,0.19025522041763665,0.21497266861205766
137,VOXX,2019-04-02,4.75,0.5244444444444443,0.506276150627615,0.5572139303482588,0.1206799359732758,0.0741036445791673,0.0,0.25228344509424877,0.17067450622795716,0.42318052425999686,0.8217981760562056,0.6466171878681004,0.19025522041763665,0.21497266861205766
138,VOXX,2019-04-03,4.64,0.5341333333333336,0.5104602510460252,0.6019900497512438,0.10100563713550004,0.06987477405899845,0.0,0.2599203955314909,0.17867064146285794,0.4300657953071205,0.822015085823892,0.588961722975758,0.19025522041763665,0.21497266861205766
139,VOXX,2019-04-04,4.52,0.4991111111111115,0.472803347280335,0.5472636815920398,0.04168696499408449,0.07132702357236698,0.0,0.24969995596632472,0.17159440029240736,0.41326624115974875,0.822251714663067,0.5260648545922912,0.19025522041763665,0.21497266861205766
140,VOXX,2019-04-05,4.54,0.4488888888888889,0.41012552301255223,0.5099502487562186,0.12872851277054773,0.08265534816458897,0.0,0.3002815415891043,0.21053590667094413,0.488218419325531,0.8222122765238274,0.5365476704045318,0.19025522041763665,0.21497266861205766
141,VOXX,2019-04-08,4.53,0.45777777777777784,0.41422594142259417,0.517412935323383,0.040830955529264384,0.07418259535669347,0.0,0.3002815415891043,0.21053590667094413,0.488218419325531,0.8222319955915786,0.531306266913407,0.19025522041763665,0.21497266861205766
142,VOXX,2019-04-09,4.52,0.45333333333333314,0.41422594142259417,0.5373134328358211,0.007303918157143853,0.05930704568970452,0.0,0.2864246453575117,0.20084368208804537,0.46564058002745823,0.822251714663067,0.5260648545922912,0.19025522041763665,0.21497266861205766
143,VOXX,2019-04-10,4.53,0.4666666666666668,0.41422594142259417,0.539353233830846,0.006086018512074607,0.06027947463261474,0.0,0.30041071604550057,0.214246665377945,0.48084526514533643,0.8222319955915786,0.531306266913407,0.19025522041763665,0.21497266861205766
144,VOXX,2019-04-11,4.46,0.4666666666666668,0.41422594142259417,0.5124378109452739,0.1790312478251792,0.06794159199238958,0.0,0.25643659958626003,0.18537903017806467,0.40524029916881277,0.8223700290807858,0.49461642481555335,0.19025522041763665,0.21497266861205766
145,VOXX,2019-04-12,4.47,0.4488888888888889,0.41422594142259417,0.5124378109452739,0.06004245250191384,0.06700697046406928,0.0,0.25465555783897903,0.18430304979216394,0.40197938619979456,0.8223503100130347,0.4998578283066786,0.19025522041763665,0.21497266861205766
146,VOXX,2019-04-15,4.5,0.42666666666666675,0.39330543933054396,0.4776119402985075,0.01802839446029647,0.05564917832812277,0.0,0.25465555783897903,0.18430304979216394,0.40197938619979456,0.8222911528023067,0.515582047610043,0.19025522041763665,0.21497266861205766
147,VOXX,2019-04-16,4.465,0.4355555555555559,0.38912133891213396,0.5124378109452739,0.025280116918365927,0.027575505020880242,0.0,0.27459931103105933,0.20222278524084303,0.42616753655445605,0.822360169548779,0.49723712214612026,0.19025522041763665,0.21497266861205766
148,VOXX,2019-04-17,4.45,0.431111111111111,0.39330543933054396,0.4900497512437809,0.0258960261674438,0.021910508737682688,0.0,0.2787094073709386,0.20545406455469684,0.4321077048883821,0.8223897481522743,0.489375021324429,0.19025522041763665,0.21497266861205766
149,VOXX,2019-04-18,4.51,0.417777777777778,0.40167364016736395,0.49751243781094523,0.22401698100076556,0.05015931933309942,0.0,0.29002978700420573,0.22139698626536952,0.4337496544825803,0.8222714337308181,0.5208234511011673,0.19025522041763665,0.21497266861205766
150,VOXX,2019-04-22,4.5,0.48,0.4351046025104601,0.517412935323383,0.12050943002296612,0.05804160928372182,0.0,0.29002978700420573,0.22139698626536952,0.4337496544825803,0.8222911528023067,0.515582047610043,0.19025522041763665,0.21497266861205766
151,VOXX,2019-04-23,4.46,0.4222222222222225,0.39330543933054396,0.4925373134328357,0.21217551673742086,0.057972666351234214,0.0,0.29522808027978625,0.23618986632292116,0.4188631238618017,0.8223700290807858,0.49461642481555335,0.19025522041763665,0.21497266861205766
152,VOXX,2019-04-24,4.44,0.42666666666666675,0.39330543933054396,0.4925373134328357,0.3768529473171411,0.09726290998110182,0.0,0.2784941166102782,0.2270276992878747,0.38627000318461757,0.8224094672200255,0.4841336090033137,0.19025522041763665,0.21497266861205766
153,VOXX,2019-04-25,4.49,0.4044444444444446,0.38912133891213396,0.48756218905472615,0.07187695733871528,0.09730349735264698,0.0,0.24033676506633334,0.19558351040176436,0.3340566633877544,0.8223108718737951,0.5103406441189178,0.19025522041763665,0.21497266861205766
154,VOXX,2019-04-26,4.48,0.4044444444444446,0.39330543933054396,0.49751243781094523,0.09212888857958104,0.09250417966528202,0.0,0.2376045295946803,0.19754167045559679,0.32150360182258064,0.8223305909415463,0.5050992317978025,0.19025522041763665,0.21497266861205766
155,VOXX,2019-04-29,4.49,0.4355555555555559,0.39330543933054396,0.4825870646766166,0.20539355557102096,0.11723078479852811,0.0,0.2376045295946803,0.19754167045559679,0.32150360182258064,0.8223108718737951,0.5103406441189178,0.19025522041763665,0.21497266861205766
156,VOXX,2019-04-30,4.36,0.42666666666666675,0.38075313807531375,0.4626865671641789,0.1369336766650428,0.12905560970293933,0.0,0.26363513974724834,0.20985095555797328,0.37626850675471535,0.8225672197807212,0.4422023722443271,0.19025522041763665,0.21497266861205766
157,VOXX,2019-05-01,4.23,0.37777777777777777,0.3472803347280333,0.38308457711442756,0.16067228060407823,0.13544561876003908,0.0,0.26517740446906973,0.2149517990581722,0.37035895446047495,0.8228235676876473,0.3740641003697365,0.19025522041763665,0.21497266861205766
158,VOXX,2019-05-02,4.25,0.32000000000000006,0.2928870292887029,0.36318407960198984,0.026511935416521682,0.12354295506088381,0.0,0.26969459606547025,0.22184354019341912,0.36990236717124436,0.8227841295484077,0.3845469073519847,0.19025522041763665,0.21497266861205766
159,VOXX,2019-05-03,4.28,0.3599999999999999,0.33891213389121355,0.38308457711442756,0.08140789198970004,0.12988959678948325,0.0,0.2987236193574168,0.2527849764499366,0.39492366691428615,0.822724972341417,0.4002711266553496,0.19025522041763665,0.21497266861205766
160,VOXX,2019-05-06,4.29,0.3466666666666669,0.32635983263598334,0.3432835820895521,0.07453545827823788,0.12123058686559296,0.0,0.2987236193574168,0.2527849764499366,0.39492366691428615,0.8227052532699285,0.4055125301464739,0.19025522041763665,0.21497266861205766
161,VOXX,2019-05-07,4.22,0.31408888888888886,0.32635983263598334,0.38308457711442756,0.07126452780290904,0.1260932875715352,0.0,0.29676643062414104,0.25959808297682985,0.37459944711002324,0.8228432867591358,0.3688226880486203,0.19025522041763665,0.21497266861205766
162,VOXX,2019-05-08,4.245,0.34106666666666685,0.2959832635983266,0.38308457711442756,0.08048228825944742,0.13778578652488138,0.0,0.313038497752596,0.27904840322296054,0.3842166283136911,0.8227939890841519,0.3819262011914273,0.19025522041763665,0.21497266861205766
163,VOXX,2019-05-09,4.12,0.30222222222222217,0.2594142259414225,0.30348258706467623,0.15496903055188255,0.1615744341814611,0.0,0.32281661266404177,0.301176540380765,0.3681252987469039,0.8230404774590712,0.31640863547739406,0.19025522041763665,0.21497266861205766
164,VOXX,2019-05-10,4.16,0.2755555555555558,0.2677405857740587,0.3084577114427862,0.19149558076414505,0.16356599534412808,0.0,0.47970877590089606,0.47069449649557094,0.4985823399531979,0.8229616011768546,0.3373742582718833,0.19025522041763665,0.21497266861205766
165,VOXX,2019-05-13,4.04,0.30222222222222217,0.2719665271966527,0.2985074626865669,0.07533231261744032,0.16600902151631086,0.0,0.47970877590089606,0.47069449649557094,0.4985823399531979,0.8231982300160295,0.2744773898884165,0.19025522041763665,0.21497266861205766
166,VOXX,2019-05-14,4.0,0.23111111111111104,0.2301255230125525,0.2935323383084576,0.1850615909249078,0.19269772026849935,0.0,0.5253778178031534,0.48874518025655045,0.6020918283964398,0.8232771062982461,0.2535117670939273,0.19025522041763665,0.21497266861205766
167,VOXX,2019-05-15,4.185,0.21777777777777807,0.37238493723849375,0.2587562189054724,0.6406221727329668,0.29101756988394795,0.0,0.583083570415057,0.5116656736063621,0.7326382319172338,0.8229123035056081,0.35047777141468983,0.19025522041763665,0.21497266861205766
168,VOXX,2019-05-16,4.17,0.30222222222222217,0.31799163179916334,0.3432835820895521,0.17141067576031735,0.3142680178740112,0.0,0.5538744857596489,0.4781090996937689,0.7125439821108612,0.8229418821091035,0.3426156617630072,0.19025522041763665,0.21497266861205766
169,VOXX,2019-05-17,4.02,0.29333333333333345,0.26970711297071137,0.30348258706467623,0.09625234880645835,0.29385368196958844,0.0,0.5540780333879096,0.49118008505096655,0.685783729350933,0.8232376681552691,0.26399458290616784,0.19025522041763665,0.21497266861205766
170,VOXX,2019-05-20,3.95,0.23111111111111104,0.2008368200836821,0.25258706467661685,0.08886143781752383,0.28879694026817687,0.0,0.5540780333879096,0.49118008505096655,0.685783729350933,0.8233757016444764,0.2273047408083142,0.19025522041763665,0.21497266861205766
171,VOXX,2019-05-21,3.93,0.1955555555555557,0.18008368200836822,0.25373134328358193,0.1408170366761779,0.27739522481233897,0.0,0.5573817679696791,0.48620038664718457,0.7064514797776877,0.8234151397874534,0.21682193382606552,0.19025522041763665,0.21497266861205766
172,VOXX,2019-05-22,3.72,0.19111111111111123,0.17573221757322188,0.1393034825870645,0.18086505671932634,0.24608012169539567,0.0,0.514531077843339,0.45251078943228373,0.64440387769842,0.8238292402550752,0.10675241636249688,0.19025522041763665,0.21497266861205766
173,VOXX,2019-05-23,3.62,0.08000000000000007,0.07112970711297084,0.08457711442786064,0.12220405038624817,0.25412142518385245,0.0,0.5392738578094116,0.4787395144742709,0.6660426495208516,0.8240264309512733,0.054338354961279034,0.19025522041763665,0.21497266861205766
174,VOXX,2019-05-24,3.65,0.07333333333333347,0.07531380753138084,0.11940298507462677,0.06339689609576171,0.2495306042681235,0.0,0.6490995463884495,0.5650716376720092,0.8250620675070099,0.8239672737442825,0.07006257426464324,0.19025522041763665,0.21497266861205766
175,VOXX,2019-05-28,3.68,0.08444444444444454,0.05857740585774063,0.11940298507462677,0.050890806597536364,0.2248440305150315,0.0,0.6490995463884495,0.5650716376720092,0.8250620675070099,0.8239081165335544,0.08578679356800789,0.19025522041763665,0.21497266861205766
176,VOXX,2019-05-29,3.55,0.07111111111111135,0.07531380753138084,0.06965174129353202,0.08267798733384368,0.21617501274610257,0.0,0.6518200387277029,0.5595829805463541,0.8449611967707862,0.8241644644404805,0.01764852169341724,0.19025522041763665,0.21497266861205766
177,VOXX,2019-05-30,3.63,0.008888888888888946,0.08368200836820083,0.05472636815920384,0.11916974041338994,0.2095437034252961,0.0,0.6007021833920057,0.5201097614919853,0.7694825762157935,0.824006711883522,0.059579767282395,0.19025522041763665,0.21497266861205766
178,VOXX,2019-05-31,3.57,0.053333333333333455,0.04184100418410042,0.0646766169154227,0.1273818637344283,0.2256607818684535,0.0,0.5859332372107064,0.5024754985034474,0.7607017675023195,0.8241512993933529,0.0368610114832979,1.0,0.1509185812338174
179,VOXX,2019-06-03,3.56,0.022222222222222143,0.0,0.04477611940298498,0.12988029786345606,0.23340574194549168,0.0,0.5859332372107064,0.5024754985034474,0.7607017675023195,0.8241709448688405,0.03159514891568738,1.0,0.1509185812338174
180,VOXX,2019-06-04,3.63,0.02666666666666684,0.045983263598326385,0.05970149253731316,0.0765014962767068,0.23371987708142322,0.0,0.5390389951614185,0.45759459302917604,0.7095905545324546,0.8240334265366899,0.06845616039898572,1.0,0.1509185812338174
181,VOXX,2019-06-05,3.55,0.07111111111111135,0.05857740585774063,0.06965174129353202,0.07761848423689888,0.23473511736144276,0.0,0.5537883694553849,0.47000624549667425,0.729244496790066,0.8241905903443281,0.026329286348077297,1.0,0.1509185812338174
182,VOXX,2019-06-06,3.53,0.022222222222222143,0.01673640167364021,0.05472636815920384,0.10382768459878906,0.23846526360385834,0.0,0.5611669709798346,0.47216353644279585,0.7475366101622558,0.8242298812953033,0.015797570042848097,1.0,0.1509185812338174
183,VOXX,2019-06-07,3.6,0.01333333333333342,0.025104602510460428,0.05970149253731316,0.041746120119702135,0.2203744157225469,0.0,0.5808406321267228,0.494609772801771,0.7614042321993975,0.8240923629631527,0.05265858152614622,1.0,0.1509185812338174
184,VOXX,2019-06-10,3.535,0.06666666666666665,0.05753138075313813,0.062189054726368154,0.053921636857122965,0.1983927400868125,0.0,0.5808406321267228,0.494609772801771,0.7614042321993975,0.8242200585575595,0.018430505741649172,1.0,0.1509185812338174
185,VOXX,2019-06-11,3.5,0.01333333333333342,0.03347280334728042,0.04477611940298498,0.09167304614099799,0.20100367565908606,0.0,0.5712543217111381,0.4841934698688892,0.7535681173888902,0.8242888177217661,0.0,1.0,0.1509185812338174
186,VOXX,2019-06-12,3.88,0.0,0.14644351464435146,0.0,0.39472127496694276,0.23450326895138351,0.0,0.6053407206898693,0.510676674271813,0.8035884484049558,0.8235422896420249,0.20010261862934642,1.0,0.1509185812338174
187,VOXX,2019-06-13,3.87,0.1955555555555557,0.15899581589958167,0.1741293532338306,0.11376574570255411,0.15032172441841912,0.0,0.6077598059641982,0.5171138453791408,0.7975811640989101,0.8235619351175125,0.19483675606173612,1.0,0.1509185812338174
188,VOXX,2019-06-14,3.99,0.16888888888888887,0.18410041841004188,0.2039800995024874,0.09701440601294453,0.13843462847821264,0.0,0.7093144149564126,0.6300968980131475,0.8752035131260198,0.8233261894079239,0.2580270627231027,1.0,0.1509185812338174
189,VOXX,2019-06-17,3.9,0.20000000000000018,0.18828451882845187,0.1990049751243781,0.08161667478599763,0.1360961286875434,0.0,0.7093144149564126,0.6300968980131475,0.8752035131260198,0.8235029986910497,0.21063433493457562,1.0,0.1509185812338174
190,VOXX,2019-06-18,3.99,0.1955555555555557,0.20920502092050186,0.23452736318407963,0.1475885587027629,0.1454795953939449,0.0,0.6787078975454457,0.604024330760826,0.8351145795514008,0.8233261894079239,0.2580270627231027,1.0,0.1509185812338174
191,VOXX,2019-06-19,3.85,0.23555555555555574,0.1966527196652721,0.2039800995024874,0.12579859419583828,0.14307993655026247,0.0,0.7051886611066671,0.6246255917530108,0.8738954754142196,0.8236012260684877,0.18430503975650692,1.0,0.1509185812338174
192,VOXX,2019-06-20,3.99,0.15555555555555567,0.20502092050209209,0.20895522388059695,0.16023383673185332,0.1397834635928497,0.0,0.7215429301619196,0.6510914452904162,0.8690751142170297,0.8233261894079239,0.2580270627231027,1.0,0.1509185812338174
193,VOXX,2019-06-21,3.96,0.21333333333333337,0.2133891213389123,0.25124378109452716,0.13830468369406362,0.14235603575914224,0.0,0.8650870662378329,0.8052538854214348,0.9903835005262092,0.8233851258343867,0.24222948385026322,1.0,0.1509185812338174
194,VOXX,2019-06-24,3.97,0.21777777777777807,0.20502092050209209,0.24915422885572136,0.10597118797411093,0.14915859042838575,0.0,0.8650870662378329,0.8052538854214348,0.9903835005262092,0.8233654803588991,0.24749534641787396,1.0,0.1509185812338174
195,VOXX,2019-06-25,3.75,0.1955555555555557,0.17372384937238494,0.1691542288557213,0.18311991091934027,0.17028626328749918,0.0,0.9183969729547992,0.8795792096804376,0.9996729905720501,0.8237976808271013,0.1316464582303607,1.0,0.1509185812338174
196,VOXX,2019-06-26,4.05,0.08888888888888902,0.2133891213389123,0.14427860696517403,0.2474563295984411,0.19661467961830076,0.0,1.0,1.0,1.0,0.8232083165549983,0.28962221163879076,1.0,0.1509185812338174
197,VOXX,2019-06-27,4.02,0.2577777777777779,0.2175732217573223,0.28358208955223874,0.09710487855800681,0.19308913820778395,0.0,0.8242914242814323,0.8183653561315085,0.8367011808499734,0.8232672529814611,0.27382463276595126,1.0,0.1509185812338174
198,VOXX,2019-06-28,4.16,0.21333333333333337,0.2552301255230125,0.28358208955223874,0.11261396060964576,0.19072951074425565,0.0,0.7897274712517819,0.7595112202930827,0.8530032064062989,0.8229922163208973,0.34754665573254706,1.0,0.1509185812338174
199,VOXX,2019-07-01,4.16,0.30666666666666687,0.2803347280334729,0.32338308457711396,0.38314078919897004,0.23119567616615022,0.0,0.7897274712517819,0.7595112202930827,0.8530032064062989,0.8229922163208973,0.34754665573254706,1.0,0.1509185812338174
200,VOXX,2019-07-02,4.1,0.2977777777777779,0.26359832635983294,0.32338308457711396,0.038102860324309276,0.2250603111661419,0.0,0.8013688298373063,0.7855143840833305,0.8345695638381507,0.8231100891738229,0.31595150681685946,1.0,0.1509185812338174
201,VOXX,2019-07-03,4.26,0.29333333333333345,0.2970711297071129,0.3084577114427862,0.07463984967638666,0.2245843825354208,0.0,0.8092523860549412,0.8033915591891261,0.821513409640737,0.8227957615622838,0.40020523725869306,1.0,0.1509185812338174
202,VOXX,2019-07-05,4.06,0.3466666666666669,0.30125523012552313,0.31840796019900486,0.058299116152829,0.21730979117519345,0.0,0.9203032747810096,0.9364958322026418,0.8863945024380888,0.8231886710795107,0.29488807420640106,1.0,0.1509185812338174
203,VOXX,2019-07-08,4.15,0.2578222222222222,0.2761506276150627,0.3333830845771142,0.0710348667269817,0.22198957071348702,0.0,0.9203032747810096,0.9364958322026418,0.8863945024380888,0.8230118617963849,0.34228079316493676,1.0,0.1509185812338174
204,VOXX,2019-07-09,4.18,0.31111111111111134,0.2803347280334729,0.3432835820895521,0.1400027837706173,0.2357436857447699,0.0,0.9335886719024857,0.9656742043827575,0.8664105929522514,0.822952925369922,0.35807837203777626,1.0,0.1509185812338174
205,VOXX,2019-07-10,4.13,0.328888888888889,0.2845188284518829,0.28358208955223874,0.2851381446168836,0.266655695103217,0.0,0.8722386338692227,0.9174966344599895,0.777464028549834,0.8230511527473601,0.3317490768597071,1.0,0.1509185812338174
206,VOXX,2019-07-11,4.5,0.21777777777777807,0.412887029288703,0.2885572139303483,0.4676073491544297,0.2783014907797167,0.0,0.7889641676458043,0.8404240898272395,0.681192540636196,0.8223242701431065,0.5265858417514353,1.0,0.1509185812338174
207,VOXX,2019-07-12,4.71,0.44444444444444464,0.5104602510460252,0.5024875621890548,0.15670888718769574,0.28516298053640937,0.0,0.7149432897533137,0.7894472469341689,0.5589247431709614,0.821911715150392,0.6371688673713376,1.0,0.1509185812338174
208,VOXX,2019-07-15,4.5,0.5644444444444443,0.506276150627615,0.5422885572139302,0.04435590507342195,0.2767491628159629,0.0,0.7149432897533137,0.7894472469341689,0.5589247431709614,0.8223242701431065,0.5265858417514353,1.0,0.1509185812338174
209,VOXX,2019-07-16,4.67,0.5333333333333337,0.49167364016736403,0.4925373134328357,0.14919966594752593,0.287547627612534,0.0,0.577399894333624,0.6413923114656285,0.4433845789513565,0.8219902970560798,0.6161054347608792,1.0,0.1509185812338174
210,VOXX,2019-07-17,4.59,0.528888888888889,0.4769874476987448,0.5472636815920398,0.1300821212332104,0.2847504349242656,0.0,0.6166415284358036,0.6710218061492228,0.5027598107402187,0.8221474608599807,0.573978569539962,1.0,0.1509185812338174
211,VOXX,2019-07-18,4.63,0.4555555555555557,0.472803347280335,0.5547263681592041,0.10437051986916278,0.28132663993830714,0.0,0.7091382679704177,0.7689732256224522,0.5838301475632006,0.8220688789580303,0.5950420021504212,1.0,0.1509185812338174
212,VOXX,2019-07-19,4.67,0.48888888888888893,0.4769874476987448,0.5522388059701488,0.11466699143990534,0.2740459326727785,0.0,0.685260565424453,0.7364808381283212,0.5779943113934789,0.8219902970560798,0.6161054347608792,1.0,0.1509185812338174
213,VOXX,2019-07-22,4.67,0.5466666666666669,0.489539748953975,0.6094527363184077,0.1847866935764493,0.2814728656741479,0.0,0.685260565424453,0.7364808381283212,0.5779943113934789,0.8219902970560798,0.6161054347608792,1.0,0.1509185812338174
214,VOXX,2019-07-23,4.73,0.5111111111111115,0.5481171548117156,0.5074626865671639,0.5191245041408588,0.3474868355138389,0.0,0.6406758060804305,0.6868862808548835,0.5439045314109348,0.8218724241994168,0.6477005836765668,1.0,0.1509185812338174
215,VOXX,2019-07-24,4.7275,0.5333333333333337,0.5313807531380752,0.4776119402985075,0.13583408727120885,0.3399314685011417,0.0,0.6420027800415915,0.6783959239945445,0.5658004165398205,0.8218773355701574,0.6463841202421621,1.0,0.1509185812338174
216,VOXX,2019-07-25,4.66,0.5155555555555558,0.497907949790795,0.5572139303482588,0.2983819333286937,0.34806840250885557,0.0,0.6504852360116087,0.6909001144114741,0.5658521066294215,0.8220099425315675,0.6108395721932689,1.0,0.1509185812338174
217,VOXX,2019-07-26,4.75,0.5422222222222222,0.5188284518828452,0.6417910447761193,0.4237629619319368,0.40026209434173127,0.0,0.6169155348584623,0.6512591703237608,0.5449978540177669,0.8218331332484415,0.6582322999817956,1.0,0.1509185812338174
218,VOXX,2019-07-29,4.7,0.5555555555555558,0.5146443514644352,0.5920398009950247,0.20401210940218528,0.4148657642185068,0.0,0.6169155348584623,0.6512591703237608,0.5449978540177669,0.8219313606258796,0.6319030136337187,1.0,0.1509185812338174
219,VOXX,2019-07-30,4.62,0.5422222222222222,0.502092050209205,0.5639800995024875,0.14435590507342197,0.3767125229832941,0.0,0.6272690632574913,0.6614499120049033,0.5556905045305416,0.8220885244335179,0.5897761395828105,1.0,0.1509185812338174
220,VOXX,2019-07-31,4.69,0.47555555555555573,0.5355648535564852,0.5771144278606966,0.2249460644442898,0.4065664807246125,0.0,0.6704055029388898,0.7123226497048636,0.5826307873047718,0.8219510061013673,0.6266371510661084,1.0,0.1509185812338174
221,VOXX,2019-08-01,4.53,0.5283555555555557,0.5104602510460252,0.5422885572139302,0.16673742083652307,0.421281904870985,0.0,0.6915587987681346,0.745711498584112,0.578153909822388,0.8222653337166437,0.5423834206242748,1.0,0.1509185812338174
222,VOXX,2019-08-02,4.63,0.4666666666666668,0.4644351464435146,0.5273631840796016,0.14523279281787183,0.43517223779306996,0.0,0.7993411823096326,0.8900186471006772,0.6094467783614586,0.8220688789580303,0.5950420021504212,1.0,0.1509185812338174
223,VOXX,2019-08-05,4.71,0.3919111111111113,0.5104602510460252,0.47263681592039797,0.17288607418748697,0.4514461058084976,0.0,0.7993411823096326,0.8900186471006772,0.6094467783614586,0.821911715150392,0.6371688673713376,1.0,0.1509185812338174
224,VOXX,2019-08-06,4.64,0.528888888888889,0.5104602510460252,0.6019900497512438,0.04697612916695665,0.4365822319607204,0.0,0.7651804101590369,0.8560456524156423,0.5749082603817632,0.8220492334825427,0.6003078558880397,1.0,0.1509185812338174
225,VOXX,2019-08-07,4.74,0.48888888888888893,0.5523012552301256,0.5771144278606966,0.09601920801725937,0.4063646558496688,0.0,0.8018855276628911,0.9079594420467068,0.5797564375216873,0.8218527787239291,0.6529664462441771,1.0,0.1509185812338174
226,VOXX,2019-08-08,4.77,0.5511111111111111,0.5564853556485356,0.6616915422885574,0.1435033753218735,0.3545790616978087,0.0,0.7997717638309532,0.9093301604226607,0.5703555056906662,0.8217938422974663,0.6687640162870252,1.0,0.1509185812338174
227,VOXX,2019-08-09,4.82,0.528888888888889,0.5397489539748952,0.6368159203980102,0.1841255480548403,0.35895971786772857,0.0,0.7435573890338059,0.8480411197898188,0.5247546052359648,0.821695614916291,0.6950933114650943,1.0,0.1509185812338174
228,VOXX,2019-08-12,4.74,0.5822222222222222,0.5397489539748952,0.6318407960199002,0.0803883360011135,0.36471700872183693,0.0,0.7435573890338059,0.8480411197898188,0.5247546052359648,0.8218527787239291,0.6529664462441771,1.0,0.1509185812338174
229,VOXX,2019-08-13,4.82,0.5822222222222222,0.5271966527196652,0.6119402985074625,0.011155960748834296,0.3426602742483135,0.0,0.7037638277088425,0.7941146297586195,0.5145538803104751,0.821695614916291,0.6950933114650943,1.0,0.1509185812338174
230,VOXX,2019-08-14,4.55,0.56,0.5104602510460252,0.5522388059701488,0.06073143572969587,0.33157936582509956,0.0,0.6154711295733046,0.7074528401160316,0.42285512099335376,0.8222260427619311,0.552915136929504,1.0,0.1509185812338174
231,VOXX,2019-08-15,4.56,0.6177777777777775,0.5564853556485356,0.5671641791044775,0.09405317001879045,0.3299308513506976,0.0,0.6392666301924719,0.7363825165570503,0.4359043202936965,0.8222063972864435,0.5581809906671225,1.0,0.1509185812338174
232,VOXX,2019-08-16,4.55,0.4666666666666668,0.472803347280335,0.5522388059701488,0.07698865613473449,0.32391057656863237,0.0,0.698224983593672,0.8015639346878543,0.4818170159658208,0.8222260427619311,0.552915136929504,1.0,0.1509185812338174
233,VOXX,2019-08-19,4.69,0.47555555555555573,0.5271966527196652,0.5771144278606966,0.04359036815366414,0.3013501138948364,0.0,0.698224983593672,0.8015639346878543,0.4818170159658208,0.8219510061013673,0.6266371510661084,1.0,0.1509185812338174
234,VOXX,2019-08-20,4.74,0.5333333333333337,0.5188284518828452,0.6169154228855724,0.03336001113508247,0.223734271698537,0.0,0.6798078376135468,0.78563005652012,0.4582096590989121,0.8218527787239291,0.6529664462441771,1.0,0.1509185812338174
235,VOXX,2019-08-21,4.86,0.5155555555555558,0.5648535564853556,0.6218905472636815,0.07985593987055467,0.21479003819104864,0.0,0.6234682027374696,0.7197835218777773,0.42178055958353344,0.8216170330143405,0.7161567440755523,1.0,0.1509185812338174
236,VOXX,2019-08-22,4.86,0.5066666666666668,0.5523012552301256,0.6019900497512438,0.013501287493910503,0.16927157899887074,0.0,0.6278640486324072,0.7174874240075084,0.440174336480766,0.8216170330143405,0.7161567440755523,1.0,0.1509185812338174
237,VOXX,2019-08-23,4.85,0.5147555555555554,0.5690376569037656,0.6209950248756217,0.2919653420558146,0.14821284907224497,0.0,0.6438777668480697,0.7437103654276562,0.4348170005262645,0.8216366784898281,0.7108908903379334,1.0,0.1509185812338174
238,VOXX,2019-08-26,4.72,0.5644444444444443,0.5146443514644352,0.6368159203980102,0.020453754610620087,0.11888374720405825,0.0,0.6438777668480697,0.7437103654276562,0.4348170005262645,0.8218920696749044,0.6424347299389479,1.0,0.1509185812338174
239,VOXX,2019-08-27,4.7,0.56,0.502092050209205,0.5621890547263679,0.033690583895886986,0.10120155299515343,0.0,0.6283063732861274,0.7237453028378127,0.4284406946556911,0.8219313606258796,0.6319030136337187,1.0,0.1509185812338174
240,VOXX,2019-08-28,4.6,0.5111111111111115,0.502092050209205,0.5771144278606966,0.04297793861785788,0.0721265391926671,0.0,0.5770436859841679,0.6766781883082225,0.3683953550744049,0.8221278153844931,0.5792444232775809,1.0,0.1509185812338174
241,VOXX,2019-08-29,4.55,0.46857777777777754,0.4350209205020923,0.5472636815920398,0.04070568585148583,0.05198908700097682,0.0,0.5545477586838958,0.6538386656641635,0.3466188433322629,0.8222260427619311,0.552915136929504,1.0,0.1509185812338174
242,VOXX,2019-08-30,4.4,0.47111111111111104,0.44560669456066937,0.41044776119403004,0.18438304683694065,0.05824454614144753,0.0,0.6465160572605255,0.7712346217616841,0.3853454784238103,0.8184761822556816,0.5192032271287854,0.0,0.0
243,VOXX,2019-09-03,4.17,0.4044444444444446,0.38912133891213396,0.3432835820895521,0.18814113717029718,0.06068201239971999,0.0,0.6465160572605255,0.7712346217616841,0.3853454784238103,0.819139447470687,0.3957217825789068,0.0,0.0
244,VOXX,2019-09-04,4.34,0.30666666666666687,0.33472803347280355,0.3731343283582089,0.12065905769364603,0.07245513010476545,0.0,0.6388908499556829,0.7680825478591742,0.36835594917874503,0.818649207963619,0.4869906763766434,0.0,0.0
245,VOXX,2019-09-05,4.38,0.3911111111111112,0.37238493723849375,0.42243781094527355,0.05329876818150184,0.06562922379709873,0.0,0.6364913365686868,0.7668737708947253,0.36345819848746375,0.8185338574891692,0.5084657102114047,0.0,0.0
246,VOXX,2019-09-06,4.25,0.40888888888888886,0.36401673640167354,0.4179104477611939,0.03069107105574501,0.04760398289992879,0.0,0.6269598274376338,0.73975436808946,0.3907588691596393,0.8189087465255248,0.43867185024843036,0.0,0.0
247,VOXX,2019-09-09,4.74,0.3733333333333333,0.493723849372385,0.45537313432835846,0.34700048715985804,0.07362827193983723,0.0,0.6269598274376338,0.73975436808946,0.3907588691596393,0.8174957032378082,0.7017410147242582,0.0,0.0
248,VOXX,2019-09-10,4.8,0.5479555555555558,0.5439330543933056,0.6517412935323383,0.08686060268633865,0.07466241592715173,0.0,0.6100810318018632,0.7179616809983447,0.3841705293586204,0.8173226775261335,0.7339535654763998,0.0,0.0
249,VOXX,2019-09-11,4.94,0.5955555555555554,0.6401673640167365,0.6815920398009951,0.42346718630384855,0.14054183585021368,0.0,0.6100027442525322,0.7241443727447361,0.3709770934664851,0.8169189508730341,0.8091161838980654,0.0,0.0
250,VOXX,2019-09-12,4.95,0.6444444444444448,0.583430962343096,0.7462686567164178,0.047317141067576035,0.13839848903779572,0.0,0.6303496783236673,0.7518305704902692,0.37595919431398395,0.8168901132562904,0.8144849423567557,0.0,0.0
251,VOXX,2019-09-13,4.88,0.6400000000000001,0.594142259414226,0.6634825870646766,0.07639362516528637,0.13557683272832205,0.0,0.6326161028768007,0.7367063993800604,0.41463808114813205,0.8170919765809713,0.7769036331459234,0.0,0.0
252,VOXX,2019-09-16,4.89,0.6044444444444448,0.602510460251046,0.7213930348258706,0.02688078502331408,0.12757055669750011,0.0,0.6326161028768007,0.7367063993800604,0.41463808114813205,0.8170631389642276,0.7822723916046137,0.0,0.0
253,VOXX,2019-09-17,4.75,0.6000000000000001,0.5481171548117156,0.6666666666666665,0.06043913981487925,0.130262667012864,0.0,0.6401238788576467,0.7290893694174811,0.4538108224165086,0.8174668656173271,0.7071097731829481,0.0,0.0
254,VOXX,2019-09-18,4.71,0.6000000000000001,0.5439330543933056,0.6268656716417911,0.022931310460018093,0.12859636081394915,0.0,0.64953012790977,0.7247285185505223,0.4920667132176675,0.8175822160917768,0.6856347393481872,0.0,0.0
255,VOXX,2019-09-19,4.9,0.528888888888889,0.5690376569037656,0.6218905472636815,0.14053517990117614,0.13829173869071804,0.0,0.6580712995417857,0.7372211417237731,0.49232044098340266,0.8170343013437464,0.7876411500633036,0.0,0.0
256,VOXX,2019-09-20,4.89,0.608888888888889,0.5732217573221756,0.6867661691542288,0.07608741039738326,0.1482917998497711,0.0,0.5885362982259632,0.6764352761909649,0.40446114147139045,0.8170631389642276,0.7822723916046137,0.0,0.0
257,VOXX,2019-09-23,5.03,0.6000000000000001,0.619246861924686,0.6766169154228852,0.2727294870902638,0.14521827944016114,0.0,0.5885362982259632,0.6764352761909649,0.40446114147139045,0.8166594123073908,0.8574350100262784,0.0,0.0
258,VOXX,2019-09-24,4.8,0.657777777777778,0.623430962343096,0.6915422885572138,0.16908970700814255,0.16896745170797772,0.0,0.4628182371327259,0.5576396836082929,0.2642583308760147,0.8173226775261335,0.7339535654763998,0.0,0.0
259,VOXX,2019-09-25,4.79,0.5644444444444443,0.5481171548117156,0.6666666666666665,0.05441923585496555,0.17227949242433926,0.0,0.46200796099714975,0.5468647961213641,0.2843030211803239,0.8173515151466146,0.7285848070177099,0.0,0.0
260,VOXX,2019-09-26,4.8,0.5555555555555558,0.5313807531380752,0.6666666666666665,0.0741840072378036,0.17726562321909006,0.0,0.42914284778798256,0.5078022142175974,0.26443234343238387,0.8173226775261335,0.7339535654763998,0.0,0.0
261,VOXX,2019-09-27,4.71,0.5582222222222226,0.5564853556485356,0.6467661691542288,0.09804440114134595,0.1864272493604709,0.0,0.4609549934586474,0.5333600391262063,0.3093309928603898,0.8175822160917768,0.6856347393481872,0.0,0.0
262,VOXX,2019-09-30,4.7,0.5333333333333337,0.493723849372385,0.6169154228855724,0.0679796784744937,0.1678282253477587,0.0,0.4609549934586474,0.5333600391262063,0.3093309928603898,0.8176110537085205,0.6802659808894969,0.0,0.0
263,VOXX,2019-10-01,4.63,0.5456444444444442,0.506276150627615,0.5970149253731343,0.07283387848841255,0.14940433862322078,0.0,0.4578900359023375,0.535580949912562,0.2951998729362768,0.8178129170369389,0.6426846716786636,0.0,0.0
264,VOXX,2019-10-02,4.6,0.52,0.4644351464435146,0.5920398009950247,0.03131046001809451,0.1351281476757613,0.0,0.46606717042996376,0.5413298700209932,0.3084682359536227,0.8178994298909076,0.626578396302593,0.0,0.0
265,VOXX,2019-10-03,4.36,0.48888888888888893,0.43514644351464415,0.4179104477611939,0.19562252070429398,0.15786875156025082,0.0,0.4515448300290574,0.5275417155557016,0.29239868029748406,0.8185915327263941,0.4977281932940236,0.0,0.0
266,VOXX,2019-10-04,4.5,0.36635555555555577,0.4225941422594144,0.4328358208955225,0.0851172663372538,0.16656501290734016,0.0,0.4618670434083539,0.5243838580313521,0.33094776938679005,0.8181878060732947,0.5728908117156892,0.0,0.0
267,VOXX,2019-10-07,4.51,0.44444444444444464,0.594142259414226,0.5024875621890548,0.2077841185886283,0.14432090933503983,0.0,0.4618670434083539,0.5243838580313521,0.33094776938679005,0.8181589684528134,0.5782595701743796,0.0,0.0
268,VOXX,2019-10-08,4.48,0.6222222222222227,0.5606694560669456,0.5024875621890548,0.038708330433572274,0.13662710046597637,0.0,0.46065750077118944,0.5216655557668022,0.3329060373685957,0.8182454813105194,0.5621532947983086,0.0,0.0
269,VOXX,2019-10-09,4.43,0.42524444444444476,0.41004184100418417,0.4328358208955225,0.07221796923933467,0.08050421747269665,0.0,0.5006741816117464,0.5641636090432127,0.3677292621341768,0.8183896693979756,0.5353095025048569,0.0,0.0
270,VOXX,2019-10-10,4.47,0.40000000000000036,0.4644351464435146,0.47263681592039797,0.5635326049133551,0.1629855403318935,0.0,0.4951979675360407,0.5638165917328446,0.3515077119872456,0.8182743189272632,0.5567845363396182,0.0,0.0
271,VOXX,2019-10-11,4.43,0.5333333333333337,0.4769874476987448,0.44278606965174117,0.2965342055814601,0.1981597796939712,0.0,0.4829342229333345,0.5413587881301906,0.3605767368912288,0.8183896693979756,0.5353095025048569,0.0,0.0
272,VOXX,2019-10-14,4.25,0.3732,0.33891213389121355,0.3432835820895521,0.11073839515623912,0.2115586162263864,0.0,0.4829342229333345,0.5413587881301906,0.3605767368912288,0.8189087465255248,0.43867185024843036,0.0,0.0
273,VOXX,2019-10-15,4.49,0.33777777777777773,0.39748953974895396,0.42288557213930345,0.23339480826779874,0.2391936123261067,0.0,0.46040306623586363,0.5198205804000119,0.3359752225662783,0.8182166436900383,0.5675220532569989,0.0,0.0
274,VOXX,2019-10-16,4.3,0.46222222222222253,0.41004184100418417,0.44278606965174117,0.11462871459391746,0.2538450974625109,0.0,0.4431602334957038,0.5033314745356887,0.3171552992272276,0.8187645584343313,0.4655156425418816,0.0,0.0
275,VOXX,2019-10-17,4.85,0.37777777777777777,0.5439330543933056,0.4632338308457711,0.35961096805623216,0.28884920345893367,0.0,0.45578801520279927,0.5114805977074991,0.339162238804682,0.81717848943494,0.7607973577698519,0.0,0.0
276,VOXX,2019-10-18,4.92,0.5466666666666669,0.619246861924686,0.592139303482587,0.1851799011761431,0.3062800895590933,0.0,0.46535475373105134,0.5264543946498816,0.33739837401579087,0.816976626110259,0.7983786669806847,0.0,0.0
277,VOXX,2019-10-21,4.62,0.6444444444444448,0.5815899581589961,0.5422885572139302,0.18330433572273647,0.2919916668010312,0.0,0.46535475373105134,0.5264543946498816,0.33739837401579087,0.8178417546536827,0.6373159132199733,0.0,0.0
278,VOXX,2019-10-22,4.81,0.5022222222222221,0.594142259414226,0.6069651741293529,0.23013431693228478,0.3017454237738582,0.0,0.4482528385796875,0.5070040744037508,0.325222266028498,0.8172938399093898,0.7393223239350901,0.0,0.0
279,VOXX,2019-10-23,4.8322,0.5118666666666667,0.5355648535564852,0.6177611940298506,0.09603312687034588,0.3083945248191777,0.0,0.39503687692191863,0.44926617758034215,0.2814723091945752,0.8172298203956591,0.7512409670069842,0.0,0.0
280,VOXX,2019-10-24,4.89,0.5911111111111111,0.5564853556485356,0.6667164179104477,0.1169392442062774,0.3152259910407547,0.0,0.39458280913579863,0.4456571975525142,0.2876367007232621,0.8170631389642276,0.7822723916046137,0.0,0.0
281,VOXX,2019-10-25,5.16,0.6422222222222222,0.7196652719665273,0.7611940298507465,0.2795288468230218,0.344223722039888,0.0,0.552293077263162,0.6315312362293356,0.3863653991379611,0.8162845232747725,0.9272288611592618,0.0,0.0
282,VOXX,2019-10-28,5.16,0.7866666666666666,0.7782426778242677,0.8507462686567164,0.3656587097223189,0.3917871175682716,0.0,0.552293077263162,0.6315312362293356,0.3863653991379611,0.8162845232747725,0.9272288611592618,0.0,0.0
283,VOXX,2019-10-29,5.06,0.7111111111111108,0.6820083682008369,0.8134328358208953,0.05960400862968891,0.3896732382995782,0.0,0.5770554291165675,0.653572619059548,0.4168139748610439,0.8165728994534222,0.8735412854023499,0.0,0.0
284,VOXX,2019-10-30,5.1,0.7333333333333334,0.6652719665271969,0.8159203980099501,0.07768111907578815,0.3970823795764346,0.0,0.5506725249920097,0.6259095558013726,0.3931210588961739,0.8164575489827098,0.8950163104071194,0.0,0.0
285,VOXX,2019-10-31,4.85,0.7121333333333331,0.6945606694560669,0.7014925373134329,0.28448743823508943,0.4112812877205409,0.0,0.5489541132841935,0.6248685038702685,0.3899749666038633,0.81717848943494,0.7607973577698519,0.0,0.0
286,VOXX,2019-11-01,4.86,0.5955555555555554,0.5606694560669456,0.6915422885572138,0.05006611455216091,0.4056807864387027,0.0,0.5761981804513927,0.6523927602042965,0.4166441464993085,0.8171496518181962,0.7661661162285422,0.0,0.0
287,VOXX,2019-11-04,4.7,0.6000000000000001,0.5606694560669456,0.6169154228855724,0.16674438026306634,0.3991234239729032,0.0,0.5761981804513927,0.6523927602042965,0.4166441464993085,0.8176110537085205,0.6802659808894969,0.0,0.0
288,VOXX,2019-11-05,4.67,0.5244444444444443,0.506276150627615,0.6268656716417911,0.07771939592177604,0.40535664345773265,0.0,0.5740413584673227,0.6430522109335557,0.4295287758827433,0.8176975665624892,0.6641597055134254,0.0,0.0
289,VOXX,2019-11-06,4.59,0.5377777777777779,0.4811715481171548,0.5422885572139302,0.04760595726912102,0.4014241163489825,0.0,0.5801595304475429,0.6457878640636241,0.44272340534717913,0.8179282675076514,0.6212096378439027,0.0,0.0
290,VOXX,2019-11-07,4.53,0.46186666666666687,0.4644351464435146,0.5522388059701488,0.0926891224163129,0.3261923652374166,0.0,0.561617124388488,0.6307041783062917,0.41694192118750806,0.818101293219326,0.5889970870917598,0.0,0.0
291,VOXX,2019-11-08,4.51,0.47555555555555573,0.4435146443514646,0.5422885572139302,0.026428422298002647,0.28303464549154916,0.0,0.5238512105911983,0.5810633520581381,0.40404726364817556,0.8181589684528134,0.5782595701743796,0.0,0.0
292,VOXX,2019-11-11,4.49,0.4488888888888889,0.41004184100418417,0.4925373134328357,0.06134734497877374,0.2751429036872793,0.0,0.5238512105911983,0.5810633520581381,0.40404726364817556,0.8182166436900383,0.5675220532569989,0.0,0.0
293,VOXX,2019-11-12,4.55,0.45333333333333314,0.4853556485355648,0.5287064676616913,0.1229869858723641,0.2575018528413105,0.0,0.5326311592486734,0.590912860050752,0.41058379239032794,0.8180436179821011,0.5997346040091409,0.0,0.0
294,VOXX,2019-11-13,4.58,0.4844444444444447,0.4686192468619246,0.5450248756218903,0.07447630315262022,0.25108626818022345,0.0,0.5290338463569126,0.5848747588503475,0.41210241837233863,0.8179571051281325,0.6158408793852119,0.0,0.0
295,VOXX,2019-11-14,4.675,0.5056444444444446,0.4811715481171548,0.5522388059701488,0.12315053239613057,0.21330442919421838,0.0,0.5166448416752767,0.5726366150380333,0.39939551051042765,0.8176831477559859,0.6668440847427706,0.0,0.0
296,VOXX,2019-11-15,5.0,0.5155555555555558,0.6317991631799165,0.6218905472636815,0.25826431902011276,0.2249819163800067,0.0,0.4697466852485222,0.5243838580313521,0.35533018546929185,0.8167459251650968,0.8413287346502074,0.0,0.0
297,VOXX,2019-11-18,4.87,0.666666666666667,0.627615062761506,0.7263681592039801,0.07782726703319646,0.20812870533512656,0.0,0.4697466852485222,0.5243838580313521,0.35533018546929185,0.8171208142014524,0.771534874687233,0.0,0.0
298,VOXX,2019-11-19,4.94,0.657777777777778,0.627615062761506,0.7412935323383087,0.14832973762961932,0.19505790372341875,0.0,0.4632723049188459,0.5193578906528544,0.34582010507331706,0.8169189508730341,0.8091161838980654,0.0,0.0
299,VOXX,2019-11-20,4.83,0.608888888888889,0.619246861924686,0.7064676616915424,0.14866379010369546,0.2034672735127369,0.0,0.4632723049188459,0.5193578906528544,0.34582010507331706,0.8172361646721649,0.7500598408524712,0.0,0.0
